	Position	CompanyName	Skills	Published	MoreInfo
0	Data Analyst	bijak	Data Analyst, SQL,  BigQuery	Posted 5 days ago	https://www.timesjobs.com/job-detail/data-analyst-bijak-gurgaon-2-to-3-yrs-jobid-bGwDvjUZ2VVzpSvf__PLUS__uAgZw==&source=srp
1	Data Analyst	SEVEN CONSULTANCY	Big data analyst,  Data analyst,  analytical tools,  collecting data	Posted 6 days ago	https://www.timesjobs.com/job-detail/data-analyst-seven-consultancy-mumbai-chennai-1-to-2-yrs-jobid-ZOOj__SLASH__6LpYKVzpSvf__PLUS__uAgZw==&source=srp
2	Data Analyst	cross-tab marketing services pvt.	macros, vba, data analyst	Posted a month ago	https://www.timesjobs.com/job-detail/data-analyst-cross-tab-marketing-services-pvt-mumbai-1-to-3-yrs-jobid-ZaHA0OcLtKZzpSvf__PLUS__uAgZw==&source=srp
3	Data Analyst	FE fundinfo	databases , Data Analyst, SLA standards	Posted few days ago	https://www.timesjobs.com/job-detail/data-analyst-fe-fundinfo-chennai-1-to-2-yrs-jobid-RXiFI__PLUS__sHuGxzpSvf__PLUS__uAgZw==&source=srp
4	Data Analyst	infoanalytica consulting pvt ltd	business rules, sql, Data Analyst	Posted few days ago	https://www.timesjobs.com/job-detail/data-analyst-infoanalytica-consulting-pvt-ltd-ahmedabad-5-to-8-yrs-jobid-xEPbiv5__PLUS__2aRzpSvf__PLUS__uAgZw==&source=srp
5	Data Analyst	TEAMPLUS STAFFING SOLUTION PVT. LTD.	dwh, business intelligence, Data Analyst	Posted few days ago	https://www.timesjobs.com/job-detail/data-analyst-teamplus-staffing-solution-pvt-ltd-pune-3-to-6-yrs-jobid-BBePuSrFteBzpSvf__PLUS__uAgZw==&source=srp
6	Data Analyst	DYNATAC TECHNOLOGIES INDIA LIMITED	tabulating for the surveys,  Data Analyst,  survey questionnaire	Posted today	https://www.timesjobs.com/job-detail/data-analyst-dynatac-technologies-india-limited-hyderabad-secunderabad-2-to-3-yrs-jobid-kCf793vkr25zpSvf__PLUS__uAgZw==&source=srp
7	Data Analyst	Faircent.com	data analytics, vba, data analyst, sql	Posted 6 days ago	https://www.timesjobs.com/job-detail/data-analyst-faircent-com-gurgaon-3-to-6-yrs-jobid-__SLASH__OJBsdTpNWRzpSvf__PLUS__uAgZw==&source=srp
8	Data Analyst	Fine Jobs Consultant Pvt. Ltd.	data analysis, consulting, it consulting, data analyst, infrastructure	Posted few days ago	https://www.timesjobs.com/job-detail/data-analyst-fine-jobs-consultant-pvt-ltd-noida-greater-noida-0-to-3-yrs-jobid-HDm__SLASH__gOLtzw5zpSvf__PLUS__uAgZw==&source=srp
9	Data Analyst	ikomet Technology Solutions Pvt. Ltd.	macros, visualization, bi, data analyst, vba	Posted few days ago	https://www.timesjobs.com/job-detail/data-analyst-ikomet-technology-solutions-pvt-ltd-chennai-0-to-3-yrs-jobid-IY7Ug32__PLUS__6DVzpSvf__PLUS__uAgZw==&source=srp
10	Data Analyst	Citibank India	data analysis, sas, information management, spss, data analyst, analyst	Posted 4 days ago	https://www.timesjobs.com/job-detail/data-analyst-citibank-india-pune-0-to-2-yrs-jobid-Q2UuzVESadJzpSvf__PLUS__uAgZw==&source=srp
11	Data Analyst  ,  Senior Data Analyst  ,  Data Analyst	"AppSoft Solutions
     (More Jobs)"	Data Analyst,  Senior Data Analyst,  Data Analyst - Tech Lead, data profiling, data models, data collection	Posted today	https://www.timesjobs.com/job-detail/data-analyst-senior-data-analyst-data-analyst-appsoft-solutions-ahmedabad-bengaluru-bangalore-chennai-delhi-delhi-ncr-0-to-3-yrs-jobid-wcZ__SLASH__KEwZAgtzpSvf__PLUS__uAgZw==&source=srp
12	Data Analyst	Enzen Global Solutions Pvt Ltd	macros, data analytics, bi, vb, data analyst, tableau, pl  /  sql	Posted few days ago	https://www.timesjobs.com/job-detail/data-analyst-enzen-global-solutions-pvt-ltd-bengaluru-bangalore-5-to-8-yrs-jobid-bG__PLUS__KlSXycSlzpSvf__PLUS__uAgZw==&source=srp
13	Data Analyst	Analytics Vidhya	data analysis, business requirements, director, dashboards, data analyst, tableau, visio	Posted few days ago	https://www.timesjobs.com/job-detail/data-analyst-analytics-vidhya-pune-2-to-3-yrs-jobid-XXKKnCMG7sZzpSvf__PLUS__uAgZw==&source=srp
14	Data Analyst	Analytics Vidhya	sas, consulting, program management, mobile, data analyst, sql, sas  /  sql	Posted few days ago	https://www.timesjobs.com/job-detail/data-analyst-analytics-vidhya-mumbai-pune-4-to-8-yrs-jobid-jLBwXsQGS5RzpSvf__PLUS__uAgZw==&source=srp
15	Data Analyst	Analytics Vidhya	visualization, sas, spotfire, dashboards, data analyst, alteryx, software packages	Posted few days ago	https://www.timesjobs.com/job-detail/data-analyst-analytics-vidhya-chennai-4-to-8-yrs-jobid-A5RGwTcZgftzpSvf__PLUS__uAgZw==&source=srp
16	Data Analyst	Analytics Vidhya	data analysis, predictive analytics, spss, data analyst, sql, factor analysis	Posted few days ago	https://www.timesjobs.com/job-detail/data-analyst-analytics-vidhya-gurgaon-2-to-4-yrs-jobid-xQXq8fgvS01zpSvf__PLUS__uAgZw==&source=srp
17	Data Analyst	ADROIT LEARNING AND MANPOWER PVT LTD	data analysis, dashboards, data analyst, sql, tableau, infrastructure, data visualization	Posted few days ago	https://www.timesjobs.com/job-detail/data-analyst-adroit-learning-and-manpower-pvt-ltd-ahmedabad-7-to-10-yrs-jobid-O6rsbebTEJNzpSvf__PLUS__uAgZw==&source=srp
18	Data Analyst	TARGET	linear regression, sql, data science, logistic regression, data analysis, data analyst, business intelligence reporting, analyst, bia	Posted 2 days ago	https://www.timesjobs.com/job-detail/data-analyst-target-bengaluru-bangalore-2-to-5-yrs-jobid-LOx79vAI2__PLUS__pzpSvf__PLUS__uAgZw==&source=srp
19	Data Analyst	AlphaSense	visualization, bi, business analyst, dashboards, sql, data analysis, consulting, data analyst, analytics reporting, tableau, infrastructure	Posted 6 days ago	https://www.timesjobs.com/job-detail/data-analyst-alphasense-pune-0-to-3-yrs-jobid-ipi__SLASH__g1DMvqNzpSvf__PLUS__uAgZw==&source=srp
20	Data Analyst	TECHNOPARK TRIVANDRUM	consulting, dashboards, data analyst, sql, tableau, data science, statistical modeling	Posted few days ago	https://www.timesjobs.com/job-detail/data-analyst-technopark-trivandrum-thiruvananthapuram-2-to-5-yrs-jobid-YrMLmOdtIWBzpSvf__PLUS__uAgZw==&source=srp
21	Data Analyst	SEVEN CONSULTANCY	data analysis, data analytics, data mining, business analysis, business analyst, data analyst, data science, advanced excel	Posted few days ago	https://www.timesjobs.com/job-detail/data-analyst-seven-consultancy-bengaluru-bangalore-3-to-6-yrs-jobid-k3J70VawvmVzpSvf__PLUS__uAgZw==&source=srp
22	Data Analyst	reliance games pvt ltd	dashboards, sql, data visualization, data analysis, data analyst, tableau, written communication	Posted 2 days ago	https://www.timesjobs.com/job-detail/data-analyst-reliance-games-pvt-ltd-pune-2-to-5-yrs-jobid-XWnwxp8MEAdzpSvf__PLUS__uAgZw==&source=srp
23	Data Analyst	Ameriprise India Pvt Ltd	advanced analytics, business requirements, business analysis, sas programming, data analyst, written communication	Posted few days ago	https://www.timesjobs.com/job-detail/data-analyst-ameriprise-india-pvt-ltd-noida-greater-noida-gurgaon-1-to-2-yrs-jobid-6GnbdLavELJzpSvf__PLUS__uAgZw==&source=srp
24	Data Analyst	Analytics Vidhya	visualization, dashboards, sql, data extraction, data analysis, rdbms, data analyst, tableau	Posted 6 days ago	https://www.timesjobs.com/job-detail/data-analyst-analytics-vidhya-mumbai-surat-pune-3-to-6-yrs-jobid-Ro7Yo7xoAj5zpSvf__PLUS__uAgZw==&source=srp
25	Data Analyst	Horizontal Talent	time series analysis, visualization, sql, database, data analyst, alteryx, impact analysis, tableau	Posted few days ago	https://www.timesjobs.com/job-detail/data-analyst-horizontal-talent-bengaluru-bangalore-5-to-8-yrs-jobid-5cGcS1aOsyVzpSvf__PLUS__uAgZw==&source=srp
26	Data Analyst	InsideView	visualization, data mining, sql, data visualization, data analytics, sas, data analyst, statistical analysis	Posted few days ago	https://www.timesjobs.com/job-detail/data-analyst-insideview-hyderabad-secunderabad-1-to-3-yrs-jobid-__SLASH__oJD__PLUS__Awbe91zpSvf__PLUS__uAgZw==&source=srp
27	Data Analyst	legalwiz.in private limited	information technology, data mining, data warehousing, storage, dashboards, data analyst, tableau, data visualization	Posted few days ago	https://www.timesjobs.com/job-detail/data-analyst-legalwiz-in-private-limited-ahmedabad-0-to-1-yrs-jobid-Yg11HKMOaORzpSvf__PLUS__uAgZw==&source=srp
28	Data Analyst	Nanobi data and analytics pvt ltd	sas, consulting, bi, spss, data analyst, sql, data science, data scientist	Posted few days ago	https://www.timesjobs.com/job-detail/data-analyst-nanobi-data-and-analytics-pvt-ltd-bengaluru-bangalore-7-to-9-yrs-jobid-Uep6ZgmCjuxzpSvf__PLUS__uAgZw==&source=srp
29	Data Analyst	Jio Saavan	data mining, dashboards, sql, advanced analytics, data analysis, mobile, data analyst, analytics reporting, tableau	Posted few days ago	https://www.timesjobs.com/job-detail/data-analyst-jio-saavan-gurgaon-mumbai-bengaluru-bangalore-3-to-4-yrs-jobid-lr1HqOpdOEtzpSvf__PLUS__uAgZw==&source=srp
30	Data Analyst	cardekho.com	big data analytics, data mining, mobile, business analysis, dashboards, data analyst, sql, tableau	Posted few days ago	https://www.timesjobs.com/job-detail/data-analyst-cardekho-com-gurgaon-5-to-8-yrs-jobid-C6ehbzUv2pVzpSvf__PLUS__uAgZw==&source=srp
31	Data Analyst	Analytics Vidhya	data analytics, sas, spss, dashboards, data analyst, sql, tableau, statistical modeling, data visualization	Posted few days ago	https://www.timesjobs.com/job-detail/data-analyst-analytics-vidhya-gurgaon-2-to-5-yrs-jobid-veGhsAe2FU9zpSvf__PLUS__uAgZw==&source=srp
32	Data Analyst	47Billion Information Technologies Pvt Ltd	big data analytics, data mining, storage, dashboards, data analyst, security, database, analyst	Posted few days ago	https://www.timesjobs.com/job-detail/data-analyst-47billion-information-technologies-pvt-ltd-indore-0-to-3-yrs-jobid-0ulGVlPhbZJzpSvf__PLUS__uAgZw==&source=srp
33	Data Analyst	Ameriprise India Pvt Ltd	business requirements, bi, advanced analytics, sas, business analysis, sas programming, data analyst, tableau, written communication, predictive modeling	Posted 3 days ago	https://www.timesjobs.com/job-detail/data-analyst-ameriprise-india-pvt-ltd-gurgaon-1-to-3-yrs-jobid-nqNNETRwzoZzpSvf__PLUS__uAgZw==&source=srp
34	Data Analyst	BT India Pvt Ltd	business requirements, bi, data science, use cases, data analysis, oracle, business analysis, data analyst, tableau, statistical analysis	Posted few days ago	https://www.timesjobs.com/job-detail/data-analyst-bt-india-pvt-ltd-gurgaon-0-to-2-yrs-jobid-JjSKxPSvBqBzpSvf__PLUS__uAgZw==&source=srp
35	Data Analyst	BT India Pvt Ltd	business requirements, bi, data science, use cases, data analysis, oracle, business analysis, data analyst, tableau, statistical analysis	Posted few days ago	https://www.timesjobs.com/job-detail/data-analyst-bt-india-pvt-ltd-gurgaon-0-to-2-yrs-jobid-rJinDd16RlBzpSvf__PLUS__uAgZw==&source=srp
36	Data Analyst	IDP EDUCATION INDIA PVT LTD	business requirements, data mining, dashboards, sql, functional requirements, data analysis, business analytics, data analyst, computing skills	Posted few days ago	https://www.timesjobs.com/job-detail/data-analyst-idp-education-india-pvt-ltd-chennai-2-to-5-yrs-jobid-b1ocvBtS7m5zpSvf__PLUS__uAgZw==&source=srp
37	Data Analyst	SEVEN CONSULTANCY	data analytics, big data analytics, data mining, consulting, data reports, data analyst, database, data science, data scientist, analyst	Posted few days ago	https://www.timesjobs.com/job-detail/data-analyst-seven-consultancy-chennai-4-to-7-yrs-jobid-M9MiReiLKMJzpSvf__PLUS__uAgZw==&source=srp
38	Data Analyst	SEVEN CONSULTANCY	data analytics, big data analytics, data mining, consulting, data reports, data analyst, database, data science, data scientist, analyst	Posted few days ago	https://www.timesjobs.com/job-detail/data-analyst-seven-consultancy-delhi-delhi-ncr-0-to-3-yrs-jobid-hdA9D__SLASH__sSN7RzpSvf__PLUS__uAgZw==&source=srp
39	Data Analyst	SEVEN CONSULTANCY	data analytics, big data analytics, data mining, data reports, data analyst, database, data science, data scientist, analyst	Posted few days ago	https://www.timesjobs.com/job-detail/data-analyst-seven-consultancy-chennai-4-to-7-yrs-jobid-DELQJvDCVdVzpSvf__PLUS__uAgZw==&source=srp
40	Data Analyst	SEVEN CONSULTANCY	data analytics, big data analytics, data mining, data reports, data analyst, database, data science, data scientist, analyst	Posted few days ago	https://www.timesjobs.com/job-detail/data-analyst-seven-consultancy-delhi-delhi-ncr-1-to-3-yrs-jobid-Nh7MUa__SLASH__RqaNzpSvf__PLUS__uAgZw==&source=srp
41	Data Analyst	SEVEN CONSULTANCY	data analytics, big data analytics, data mining, data reports, data analyst, database, data science, data scientist, analyst	Posted few days ago	https://www.timesjobs.com/job-detail/data-analyst-seven-consultancy-bengaluru-bangalore-2-to-3-yrs-jobid-Z13RezRWB4pzpSvf__PLUS__uAgZw==&source=srp
42	Data Analyst	SEVEN CONSULTANCY	data analytics, big data analytics, data mining, data reports, data analyst, database, data science, data scientist, analyst	Posted few days ago	https://www.timesjobs.com/job-detail/data-analyst-seven-consultancy-mumbai-0-to-3-yrs-jobid-Hlt6j__PLUS__W4smlzpSvf__PLUS__uAgZw==&source=srp
43	Data Analyst	ANR SOFTWARE PVT LTD	data analytics, information management, sas, spss, data analyst, sql, data science, written communication	Posted few days ago	https://www.timesjobs.com/job-detail/data-analyst-anr-software-pvt-ltd-noida-greater-noida-0-to-1-yrs-jobid-wiKqbbFOouJzpSvf__PLUS__uAgZw==&source=srp
44	Data Analyst	McAfee Software  ( India )  Pvt Ltd	data mining, bi, dashboards, sql, security, data visualization, data analysis, data analytics, predictive analytics, data analyst, tableau	Posted few days ago	https://www.timesjobs.com/job-detail/data-analyst-mcafee-software-india-pvt-ltd-bengaluru-bangalore-2-to-5-yrs-jobid-it__PLUS__BMT__SLASH__X5uhzpSvf__PLUS__uAgZw==&source=srp
45	Data analyst	Koch Global Business Services	business requirements, information technology, dashboards, advanced analytics, data cleaning, bi, business solutions, sql, data science, solution design, data analysis, sas, spotfire, consulting, data analyst, tableau, consultant, analyst	Posted 5 days ago	https://www.timesjobs.com/job-detail/data-analyst-koch-global-business-services-bengaluru-bangalore-4-to-7-yrs-jobid-4__PLUS__ZBQAfJMY9zpSvf__PLUS__uAgZw==&source=srp
46	Data Analyst	SEVEN CONSULTANCY	data mining, spss, data warehousing, sql, data science, xml, data visualization, data analytics, data analysis, sas, information management, big data analytics, data analyst, business objects, analyst	Posted few days ago	https://www.timesjobs.com/job-detail/data-analyst-seven-consultancy-hyderabad-secunderabad-1-to-3-yrs-jobid-9CS5lz__PLUS__QFjtzpSvf__PLUS__uAgZw==&source=srp
47	Data Analyst	RGF Professional	visualization, dashboards, data analytics, mining, data mining, bi, data scientist, data analysis, consulting, data analyst, tableau, analyst	Posted few days ago	https://www.timesjobs.com/job-detail/data-analyst-rgf-professional-hyderabad-secunderabad-4-to-8-yrs-jobid-lZ7dTnij5wlzpSvf__PLUS__uAgZw==&source=srp
48	Data Analyst	Analytics Vidhya	visualization, regression analysis, dashboards, sql, java, data science, data structures, data analytics, customer success, sas, business analytics, data analyst, tableau, unix  /  linux	Posted few days ago	https://www.timesjobs.com/job-detail/data-analyst-analytics-vidhya-bengaluru-bangalore-3-to-5-yrs-jobid-PFuOBpt0xSBzpSvf__PLUS__uAgZw==&source=srp
49	Data Analyst	"Auriga HR Consultants
     (More Jobs)"	power BI, SQL, data visualisation, advanced excel, data analyst	Posted 5 days ago	https://www.timesjobs.com/job-detail/data-analyst-a-client-of-auriga-hr-consultants-mumbai-navi-mumbai-1-to-4-yrs-jobid-dFVn9Op3FnFzpSvf__PLUS__uAgZw==&source=srp
50	Data Analyst	Rocket Software	data mining, xml, python, information management, mining, javascript	Posted today	https://www.timesjobs.com/job-detail/data-analyst-rocket-software-pune-0-to-3-yrs-jobid-tbS19DZ__PLUS__apRzpSvf__PLUS__uAgZw==&source=srp
51	Data Analyst	SEVEN CONSULTANCY	data visualizations,  correlation in case,  complex data sets	Posted 1 day ago	https://www.timesjobs.com/job-detail/data-analyst-seven-consultancy-mumbai-chennai-1-to-2-yrs-jobid-lcywvoT7q45zpSvf__PLUS__uAgZw==&source=srp
52	Data Analyst	Nielsen Research Ltd. Co.	hive, bi, data warehousing, sql, distributed databases, hadoop, big data, cloud services, python, reporting tools	Posted 3 days ago	https://www.timesjobs.com/job-detail/data-analyst-nielsen-research-ltd-co-bengaluru-bangalore-5-to-8-yrs-jobid-BBkdNyNCSA1zpSvf__PLUS__uAgZw==&source=srp
53	Data Analyst	Golden Opportunities Pvt Ltd	information technology, data dictionary, Critical data	Posted 1 day ago	https://www.timesjobs.com/job-detail/data-analyst-golden-opportunities-pvt-ltd-delhi-delhi-ncr-6-to-9-yrs-jobid-lHFRuhhDQa1zpSvf__PLUS__uAgZw==&source=srp
54	Data Analyst	gartner india research and advisory services	information technology, bi, database, crm, problem solving, team player, written communication, it strategy	Posted 1 day ago	https://www.timesjobs.com/job-detail/data-analyst-gartner-india-research-and-advisory-services-gurgaon-3-to-5-yrs-jobid-fYxqL4J7q41zpSvf__PLUS__uAgZw==&source=srp
55	Data Analyst	3D PLM Software Solutions Ltd	clinical data management, ich, clinical, gcp	Posted 1 day ago	https://www.timesjobs.com/job-detail/data-analyst-3d-plm-software-solutions-ltd-pune-4-to-6-yrs-jobid-gc0sy5BCax5zpSvf__PLUS__uAgZw==&source=srp
56	Data Analyst	ari global solutions	data mining, bi, sql, database, big data, crm, python, sas, machine learning	Posted 3 days ago	https://www.timesjobs.com/job-detail/data-analyst-ari-global-solutions-chennai-3-to-7-yrs-jobid-WrsC36__PLUS__zPW5zpSvf__PLUS__uAgZw==&source=srp
57	Data Analyst	toll group india	reports, bi, unit testing, security, paas, software engineering, saas, coe	Posted 2 days ago	https://www.timesjobs.com/job-detail/data-analyst-toll-group-india-pune-5-to-10-yrs-jobid-A6uD1umzzY9zpSvf__PLUS__uAgZw==&source=srp
58	Data Analyst	Cactus Communications Pvt Ltd	algorithms, data mining, sql, apache, xml, hadoop, python, oracle, sas, javascript, business objects	Posted 5 days ago	https://www.timesjobs.com/job-detail/data-analyst-cactus-communications-pvt-ltd-mumbai-0-to-3-yrs-jobid-Oljnf9wvaVZzpSvf__PLUS__uAgZw==&source=srp
59	data analyst	HR DEVI AND ASSOCIATES	data mining, sql, sql developer, python, business objects	Posted 3 days ago	https://www.timesjobs.com/job-detail/data-analyst-hr-devi-and-associates-gurgaon-4-to-7-yrs-jobid-uR6GP13IfIhzpSvf__PLUS__uAgZw==&source=srp
60	Data Analyst	nielsen media	hive, bi, data warehousing, sql, distributed databases, hadoop, big data, cloud services, python, reporting tools	Posted 3 days ago	https://www.timesjobs.com/job-detail/data-analyst-nielsen-media-bengaluru-bangalore-5-to-8-yrs-jobid-4zn__PLUS__eRJekMZzpSvf__PLUS__uAgZw==&source=srp
61	Data Analyst	Citibank India	administrative work, management, accommodation	Posted 4 days ago	https://www.timesjobs.com/job-detail/data-analyst-citibank-india-pune-0-to-3-yrs-jobid-Zo3G4h5BqmlzpSvf__PLUS__uAgZw==&source=srp
62	Data Analyst	altbalaji	javascript, sql, logical thinking	Posted 3 days ago	https://www.timesjobs.com/job-detail/data-analyst-altbalaji-mumbai-2-to-5-yrs-jobid-SVdejNTyl3VzpSvf__PLUS__uAgZw==&source=srp
63	Data Analyst	SYSTEMS PLUS SOLUTIONS	professional communication, grammar, Python	Posted 4 days ago	https://www.timesjobs.com/job-detail/data-analyst-systems-plus-solutions-mumbai-4-to-6-yrs-jobid-7rl9tLBLC39zpSvf__PLUS__uAgZw==&source=srp
64	Data Analyst	otis elevator pvt ltd	soa, java, xml, oracle, ms access, business objects, data mining, sql, database, sas, information management, esb	Posted 4 days ago	https://www.timesjobs.com/job-detail/data-analyst-otis-elevator-pvt-ltd-mumbai-bengaluru-bangalore-3-to-5-yrs-jobid-4qc9RHqVf7dzpSvf__PLUS__uAgZw==&source=srp
65	Data Analyst	dynamic elements technologies  ( i )  pvt. ltd	data mining, bi, consultant, etl tool, ssis, etl, informatica	Posted 4 days ago	https://www.timesjobs.com/job-detail/data-analyst-dynamic-elements-technologies-i-pvt-ltd-ahmedabad-3-to-6-yrs-jobid-__SLASH__XHlHLB4Zr9zpSvf__PLUS__uAgZw==&source=srp
66	Data Analyst	Cactus Communications Pvt Ltd	algorithms, data mining, sql, apache, xml, hadoop, python, oracle, sas, javascript, business objects	Posted few days ago	https://www.timesjobs.com/job-detail/data-analyst-cactus-communications-pvt-ltd-mumbai-0-to-3-yrs-jobid-sSh2qVi__SLASH__QoZzpSvf__PLUS__uAgZw==&source=srp
67	Data Analyst	Boehringer Ingelheim India Pvt Ltd	data mining, bi, storage, sql, security, database, python, oracle, c, information management, sas, reporting tools	Posted few days ago	https://www.timesjobs.com/job-detail/data-analyst-boehringer-ingelheim-india-pvt-ltd-mumbai-0-to-3-yrs-jobid-GSTOmlqBESFzpSvf__PLUS__uAgZw==&source=srp
68	Data Analyst	Paypal India Pvt Ltd	algorithms, data mining, sql, python, problem solving, machine learning, logical thinking	Posted 5 days ago	https://www.timesjobs.com/job-detail/data-analyst-paypal-india-pvt-ltd-chennai-3-to-10-yrs-jobid-2gnNUHILTTBzpSvf__PLUS__uAgZw==&source=srp
69	Data Analyst	Cognizant Technology Solutions	clinical trials, cdm, clinical, pharmacy, data management, life sciences, query management, clinical operations	Posted 6 days ago	https://www.timesjobs.com/job-detail/data-analyst-cognizant-technology-solutions-mumbai-0-to-3-yrs-jobid-1vddQK0__PLUS__rYtzpSvf__PLUS__uAgZw==&source=srp
70	Data Analyst	Cognizant Technology Solutions	clinical trials, clinical data management, cdm, clinical, pharmacy, data management, life sciences, query management, clinical operations	Posted 6 days ago	https://www.timesjobs.com/job-detail/data-analyst-cognizant-technology-solutions-mumbai-0-to-3-yrs-jobid-JTFFasgO__SLASH__BtzpSvf__PLUS__uAgZw==&source=srp
71	Data Analyst	Saama Technologies Pvt Ltd	testing, uat, agile, sql	Posted 6 days ago	https://www.timesjobs.com/job-detail/data-analyst-saama-technologies-pvt-ltd-pune-4-to-8-yrs-jobid-ySWi1gBW0YhzpSvf__PLUS__uAgZw==&source=srp
72	Data Analyst	Cognizant Technology Solutions	reports, mentor, customer interaction, coding, database, security, procedures, c	Posted 6 days ago	https://www.timesjobs.com/job-detail/data-analyst-cognizant-technology-solutions-pune-0-to-3-yrs-jobid-MceFYEgv2__PLUS__hzpSvf__PLUS__uAgZw==&source=srp
73	Data Analyst	Cognizant Technology Solutions	reports, mentor, customer interaction, coding, database, security, procedures, c	Posted 6 days ago	https://www.timesjobs.com/job-detail/data-analyst-cognizant-technology-solutions-mumbai-0-to-3-yrs-jobid-x__SLASH____SLASH__0BAMMJFdzpSvf__PLUS__uAgZw==&source=srp
74	Data Analyst	verisk analytics india private limited	sql, html, python, machine learning	Posted few days ago	https://www.timesjobs.com/job-detail/data-analyst-verisk-analytics-india-private-limited-gurgaon-1-to-4-yrs-jobid-H2DTLZBNfcNzpSvf__PLUS__uAgZw==&source=srp
75	Data Analyst	Cognizant Technology Solutions	reports, mentor, customer interaction, coding, database, security, procedures, c	Posted few days ago	https://www.timesjobs.com/job-detail/data-analyst-cognizant-technology-solutions-mumbai-0-to-3-yrs-jobid-Sunauy__SLASH__Ix5FzpSvf__PLUS__uAgZw==&source=srp
76	Data Analyst	Ground Truth	python, mobile, sql, database, written communication, infrastructure, linux	Posted few days ago	https://www.timesjobs.com/job-detail/data-analyst-ground-truth-gurgaon-2-to-3-yrs-jobid-mN6Clc5a5LJzpSvf__PLUS__uAgZw==&source=srp
77	Data Analyst	Forstaffing	mdx, ssas, olap, sql	Posted few days ago	https://www.timesjobs.com/job-detail/data-analyst-forstaffing-noida-greater-noida-3-to-5-yrs-jobid-cf8qHnDv__PLUS__EdzpSvf__PLUS__uAgZw==&source=srp
78	Data Analyst	AMAZON INDIA PVT LTD	bi, team player, sql, Data Analytics	Posted few days ago	https://www.timesjobs.com/job-detail/data-analyst-amazon-india-pvt-ltd-bengaluru-bangalore-1-to-4-yrs-jobid-RHWG3gY1rZNzpSvf__PLUS__uAgZw==&source=srp
79	Data Analyst	TARGET	hive, sql, big data, technical skills, python, machine learning	Posted few days ago	https://www.timesjobs.com/job-detail/data-analyst-target-bengaluru-bangalore-0-to-3-yrs-jobid-BOdsBraYWNpzpSvf__PLUS__uAgZw==&source=srp
80	Data Analyst	JobsLo Consultants	algorithms, python, machine learning, artificial neural networks	Posted few days ago	https://www.timesjobs.com/job-detail/data-analyst-jobslo-consultants-bengaluru-bangalore-3-to-10-yrs-jobid-qM2XDFubQzhzpSvf__PLUS__uAgZw==&source=srp
81	Data Analyst	Chargebee	algorithms, bi, sql, python, sas, information management, problem solving, machine learning, written communication, reporting tools	Posted few days ago	https://www.timesjobs.com/job-detail/data-analyst-chargebee-chennai-3-to-6-yrs-jobid-__PLUS____PLUS__xhrVv2oldzpSvf__PLUS__uAgZw==&source=srp
82	Data analyst	Analytics Vidhya	reports, excel, mis, information systems, reporting	Posted few days ago	https://www.timesjobs.com/job-detail/data-analyst-analytics-vidhya-bengaluru-bangalore-3-to-6-yrs-jobid-OJ__PLUS__x2bCwhbNzpSvf__PLUS__uAgZw==&source=srp
83	Data Analyst	LAKSH HUMAN RESOURCE	algorithms, python, rdbms, data mining, machine learning, nosql, database, big data	Posted few days ago	https://www.timesjobs.com/job-detail/data-analyst-laksh-human-resource-thiruvananthapuram-2-to-10-yrs-jobid-6YNLJb70CnJzpSvf__PLUS__uAgZw==&source=srp
84	Data Analyst	NEXTWAVE MULTIMEDIA	python, mobile games, sql, games	Posted few days ago	https://www.timesjobs.com/job-detail/data-analyst-nextwave-multimedia-chennai-2-to-4-yrs-jobid-W6GVP3PeKDpzpSvf__PLUS__uAgZw==&source=srp
85	Data Analyst	RANGAM INFOTECH PVT. LTD.	hive, c  , scala, pig, salesforce, java, hadoop, big data, python, sybase, microsoft azure, infrastructure	Posted few days ago	https://www.timesjobs.com/job-detail/data-analyst-rangam-infotech-pvt-ltd-mumbai-3-to-5-yrs-jobid-S0dMqhDRdJpzpSvf__PLUS__uAgZw==&source=srp
86	Data Analyst	Bloom Consulting Services	data mining, writtencommunication, java, hadoop, technical skills, c, vb, reporting tools	Posted few days ago	https://www.timesjobs.com/job-detail/data-analyst-bloom-consulting-services-bengaluru-bangalore-0-to-3-yrs-jobid-NQxI7Ki5iMpzpSvf__PLUS__uAgZw==&source=srp
87	Data Analyst	Paypal India Pvt Ltd	R,  Python,  SAS ,  SQL  ,	Posted few days ago	https://www.timesjobs.com/job-detail/data-analyst-paypal-india-pvt-ltd-bengaluru-bangalore-3-to-8-yrs-jobid-2JwXkOYjPYtzpSvf__PLUS__uAgZw==&source=srp
88	Data Analyst	Paypal India Pvt Ltd	data sources, data vendor, data sourcing	Posted few days ago	https://www.timesjobs.com/job-detail/data-analyst-paypal-india-pvt-ltd-chennai-4-to-9-yrs-jobid-m8P0m3__SLASH__x50RzpSvf__PLUS__uAgZw==&source=srp
89	Data Analyst	Alstom Projects India Ltd.	database, master data, sap, implementation, Sap-is, infrastructure, mdm	Posted few days ago	https://www.timesjobs.com/job-detail/data-analyst-alstom-projects-india-ltd-bengaluru-bangalore-2-to-5-yrs-jobid-adhAHh6Co6JzpSvf__PLUS__uAgZw==&source=srp
90	Data Analyst	Ground Truth	python, mobile, sql, database, written communication, infrastructure, linux	Posted few days ago	https://www.timesjobs.com/job-detail/data-analyst-ground-truth-gurgaon-2-to-3-yrs-jobid-9JO4EkpdRF1zpSvf__PLUS__uAgZw==&source=srp
91	Data Analyst	Analytics Vidhya	bi, business intelligence, sql, qlikview	Posted few days ago	https://www.timesjobs.com/job-detail/data-analyst-analytics-vidhya-hyderabad-secunderabad-mumbai-delhi-delhi-ncr-pune-2-to-5-yrs-jobid-Bw7ZrxrSg__PLUS__1zpSvf__PLUS__uAgZw==&source=srp
92	Data Analyst	Analytics Vidhya	python, sql, messaging, infrastructure	Posted few days ago	https://www.timesjobs.com/job-detail/data-analyst-analytics-vidhya-noida-greater-noida-2-to-5-yrs-jobid-AMMaWFH6RutzpSvf__PLUS__uAgZw==&source=srp
93	Data analyst	TARGET	hive, sql, big data, technical skills, pl  /  sql, python, machine learning	Posted few days ago	https://www.timesjobs.com/job-detail/data-analyst-target-bengaluru-bangalore-0-to-3-yrs-jobid-niY6ttyj9LFzpSvf__PLUS__uAgZw==&source=srp
94	Data Analyst	Analytics Vidhya	information technology, technology consulting, software life cycle, python, information management	Posted few days ago	https://www.timesjobs.com/job-detail/data-analyst-analytics-vidhya-hyderabad-secunderabad-3-to-8-yrs-jobid-pGN5TqvtkqNzpSvf__PLUS__uAgZw==&source=srp
95	Data Analyst	Analytics Vidhya	python, problem solving, reporting tools	Posted few days ago	https://www.timesjobs.com/job-detail/data-analyst-analytics-vidhya-delhi-delhi-ncr-3-to-5-yrs-jobid-Icxd2xsqxtRzpSvf__PLUS__uAgZw==&source=srp
96	Data Analyst	AMAZON INDIA PVT LTD	data mining, data warehousing, sql, python, ms access, problem solving, windows	Posted few days ago	https://www.timesjobs.com/job-detail/data-analyst-amazon-india-pvt-ltd-bengaluru-bangalore-2-to-5-yrs-jobid-qccwiL0SQhVzpSvf__PLUS__uAgZw==&source=srp
97	Data Analyst	Analytics Vidhya	python, sas, data mining, ensemble, machine learning, sql, pl  /  sql	Posted few days ago	https://www.timesjobs.com/job-detail/data-analyst-analytics-vidhya-bengaluru-bangalore-0-to-2-yrs-jobid-MtyQsRMwZxJzpSvf__PLUS__uAgZw==&source=srp
98	Data Analyst	Analytics Vidhya	sql, unix shell scripting, games, perl, python, perl scripting, sas, problem solving, unix shell, php	Posted few days ago	https://www.timesjobs.com/job-detail/data-analyst-analytics-vidhya-bengaluru-bangalore-4-to-6-yrs-jobid-nnxs2BKw44dzpSvf__PLUS__uAgZw==&source=srp
99	Data Analyst	advanced risk analytics private limited	visualizing data, data collection, Flood data	Posted few days ago	https://www.timesjobs.com/job-detail/data-analyst-advanced-risk-analytics-private-limited-pune-0-to-3-yrs-jobid-TmPblskT8fVzpSvf__PLUS__uAgZw==&source=srp
100	Data Analyst	Bloom Consulting Services	bi, sql, database, devops, ssrs	Posted few days ago	https://www.timesjobs.com/job-detail/data-analyst-bloom-consulting-services-bengaluru-bangalore-1-to-2-yrs-jobid-ZBVLr2lubmpzpSvf__PLUS__uAgZw==&source=srp
101	Data Analyst	RANGAM INFOTECH PVT. LTD.	hive, c  , scala, pig, salesforce, java, hadoop, big data, python, sybase, microsoft azure, infrastructure	Posted few days ago	https://www.timesjobs.com/job-detail/data-analyst-rangam-infotech-pvt-ltd-mumbai-3-to-5-yrs-jobid-G7p0OAPmRtlzpSvf__PLUS__uAgZw==&source=srp
102	Data Analyst	Cognizant Technology Solutions	clinical trials, clinical data management, cdm, clinical, pharmacy, data management, life sciences, query management, clinical operations	Posted few days ago	https://www.timesjobs.com/job-detail/data-analyst-cognizant-technology-solutions-mumbai-0-to-3-yrs-jobid-s9vkUHm2Ze9zpSvf__PLUS__uAgZw==&source=srp
103	Data Analyst	Maximus Human Resources Pvt Ltd.	ac, mw, diesel engines, generators, solar thermal, manufacturing, blending	Posted few days ago	https://www.timesjobs.com/job-detail/data-analyst-maximus-human-resources-pvt-ltd-bengaluru-bangalore-2-to-5-yrs-jobid-lYJy6Fc2ogRzpSvf__PLUS__uAgZw==&source=srp
104	Data Analyst	TandA HR Solutions	excel, audit, strong analytical skills.Strong Data Mining	Posted few days ago	https://www.timesjobs.com/job-detail/data-analyst-tanda-hr-solutions-chandigarh-0-to-3-yrs-jobid-UyOVpZKhoGxzpSvf__PLUS__uAgZw==&source=srp
105	Data analyst	AMAZON INDIA PVT LTD	python, data warehousing, windows, sql	Posted few days ago	https://www.timesjobs.com/job-detail/data-analyst-amazon-india-pvt-ltd-bengaluru-bangalore-2-to-5-yrs-jobid-OsBlsaHw9TZzpSvf__PLUS__uAgZw==&source=srp
106	Data Analyst	Relevance Lab Inc	python, rest api, xml, json, sql	Posted few days ago	https://www.timesjobs.com/job-detail/data-analyst-relevance-lab-inc-bengaluru-bangalore-5-to-8-yrs-jobid-akLmDbvBEQpzpSvf__PLUS__uAgZw==&source=srp
107	Data Analyst	CashKaro	data analysis, data analytics, bi, dashboards, sql, tableau, advanced excel	Posted few days ago	https://www.timesjobs.com/job-detail/data-analyst-cashkaro-gurgaon-4-to-7-yrs-jobid-__PLUS__7SYvEx9Pq5zpSvf__PLUS__uAgZw==&source=srp
108	Data Analyst	RM EDUCATION SOLUTIONS INDIA PVT. LTD	data mining, sql, team player, written communication	Posted few days ago	https://www.timesjobs.com/job-detail/data-analyst-rm-education-solutions-india-pvt-ltd-thiruvananthapuram-3-to-5-yrs-jobid-w3DJu9fn4T9zpSvf__PLUS__uAgZw==&source=srp
109	Data Analyst	klevu oy	python, bi, problem solving, sql, nosql	Posted few days ago	https://www.timesjobs.com/job-detail/data-analyst-klevu-oy-ahmedabad-3-to-6-yrs-jobid-5TaFNMPSKGdzpSvf__PLUS__uAgZw==&source=srp
110	Data Analysts	kudosindia	test cases, database, metrics, component testing	Posted few days ago	https://www.timesjobs.com/job-detail/data-analysts-kudosindia-mumbai-0-to-3-yrs-jobid-v48SsInbeSRzpSvf__PLUS__uAgZw==&source=srp
111	Data Analyst	DecisionTree Analytics and Services	data mining, sql, postgresql, mysql, product delivery, written communication	Posted few days ago	https://www.timesjobs.com/job-detail/data-analyst-decisiontree-analytics-and-services-gurgaon-1-to-3-yrs-jobid-yiarx__PLUS__Iid0hzpSvf__PLUS__uAgZw==&source=srp
112	Data Analyst	Cognizant Technology Solutions	clinical trials, cdm, clinical, pharmacy, data management, life sciences, query management, clinical operations	Posted few days ago	https://www.timesjobs.com/job-detail/data-analyst-cognizant-technology-solutions-mumbai-0-to-3-yrs-jobid-ooNgRMQRk5ZzpSvf__PLUS__uAgZw==&source=srp
113	Data Analyst	siemens gamesa renewable energy pvt ltd	design,  transfer,  Module Quality,  modules across domains	Posted few days ago	https://www.timesjobs.com/job-detail/data-analyst-siemens-gamesa-renewable-energy-pvt-ltd-bengaluru-bangalore-2-to-3-yrs-jobid-ZjMnUT5vzNpzpSvf__PLUS__uAgZw==&source=srp
114	Data Analyst	BUSISOL SOURCING INDIA PVT. LTD	charts, data mining, formulas, relational database, sql server, reporting services	Posted few days ago	https://www.timesjobs.com/job-detail/data-analyst-busisol-sourcing-india-pvt-ltd-mumbai-0-to-3-yrs-jobid-ARJVvDp1IFtzpSvf__PLUS__uAgZw==&source=srp
115	Data analyst	BUSISOL SOURCING INDIA PVT. LTD	reports, charts, data mining, formulas, reporting services, relational database, sql server	Posted few days ago	https://www.timesjobs.com/job-detail/data-analyst-busisol-sourcing-india-pvt-ltd-delhi-0-to-3-yrs-jobid-8prYmLkFDLdzpSvf__PLUS__uAgZw==&source=srp
116	Data Analyst	APPLYCUP HIRING SOLUTIONS LLP	oogle Analytics,  Adobe Analytics,  Appsee,  Glassbox,  mobile,  apps	Posted few days ago	https://www.timesjobs.com/job-detail/data-analyst-applycup-hiring-solutions-llp-indore-2-to-4-yrs-jobid-l5630zdCBGhzpSvf__PLUS__uAgZw==&source=srp
117	Data Analyst	APPLYCUP HIRING SOLUTIONS LLP	ssas, business intelligence, business intelligence tools, ssis, data integration	Posted few days ago	https://www.timesjobs.com/job-detail/data-analyst-applycup-hiring-solutions-llp-delhi-delhi-ncr-2-to-5-yrs-jobid-7gGd1uc6su5zpSvf__PLUS__uAgZw==&source=srp
118	Data Analyst	Koch Global Business Services	costing, ca, sap, management reporting, icwai, cma, statutory	Posted few days ago	https://www.timesjobs.com/job-detail/data-analyst-koch-global-business-services-bengaluru-bangalore-0-to-3-yrs-jobid-zR9sNP70jRZzpSvf__PLUS__uAgZw==&source=srp
119	Data Analyst	augmenter consulting	data mining, database design, data models	Posted few days ago	https://www.timesjobs.com/job-detail/data-analyst-augmenter-consulting-mumbai-2-to-5-yrs-jobid-LuSnCKPLWI9zpSvf__PLUS__uAgZw==&source=srp
120	Data Analyst	z1 media	digital marketing, digital advertising, online media, marketing, google analytics	Posted few days ago	https://www.timesjobs.com/job-detail/data-analyst-z1-media-gurgaon-2-to-6-yrs-jobid-Nxp1avE7Bw1zpSvf__PLUS__uAgZw==&source=srp
121	Data Analyst	Ipseity Group	reports, vb, data collection, xml, procedures	Posted few days ago	https://www.timesjobs.com/job-detail/data-analyst-ipseity-group-bhopal-1-to-3-yrs-jobid-ADc3ie9lzZBzpSvf__PLUS__uAgZw==&source=srp
122	Data Analyst	APPLYCUP HIRING SOLUTIONS LLP	database, bi, sql	Posted few days ago	https://www.timesjobs.com/job-detail/data-analyst-applycup-hiring-solutions-llp-delhi-delhi-ncr-0-to-2-yrs-jobid-0jkIVQHYHxNzpSvf__PLUS__uAgZw==&source=srp
123	Data Analyst	tresvista financial services	mining, database, data specific, data sources	Posted few days ago	https://www.timesjobs.com/job-detail/data-analyst-tresvista-financial-services-mumbai-1-to-2-yrs-jobid-__SLASH__gFeGamERtBzpSvf__PLUS__uAgZw==&source=srp
124	data analyst	Randstad MENA	python, data mining, bi, machine learning, sql, database, mysql	Posted few days ago	https://www.timesjobs.com/job-detail/data-analyst-randstad-mena-pune-0-to-3-yrs-jobid-TmJMs2jWQeBzpSvf__PLUS__uAgZw==&source=srp
